{"name":"GetPolicyQuote","identifier":"SZWPAW3JIC","description":"Responds to phrases that indicate that user wants to get a policy quote.","parentIntentSignature":null,"sampleUtterances":[{"utterance":"I want to get a new policy quote"},{"utterance":"get a policy quote"},{"utterance":"New policy quote"},{"utterance":"I am looking for a new policy"},{"utterance":"I want a {InsuranceType} quote"},{"utterance":"get me a {InsuranceType} quote"},{"utterance":"I am looking for a new {InsuranceType} policy"},{"utterance":"I would like to get a policy quote"}],"intentConfirmationSetting":null,"intentClosingSetting":{"isActive":true,"nextStep":{"sessionAttributes":null,"dialogAction":{"type":"EndConversation","slotToElicit":null,"suppressNextMessage":null},"intent":null},"closingResponse":{"messageGroupsList":[{"message":{"ssmlMessage":null,"customPayload":null,"plainTextMessage":{"value":"Thank you for providing the details. Our agent will follow up with you shortly and help you with the policy quote. Is there anything else I can help you with?"},"imageResponseCard":null},"variations":null}],"allowInterrupt":true}},"initialResponseSetting":{"conditional":null,"codeHook":{"isActive":true,"enableCodeHookInvocation":true,"invocationLabel":null,"postCodeHookSpecification":{"failureResponse":null,"failureNextStep":{"sessionAttributes":null,"dialogAction":{"type":"EndConversation","slotToElicit":null,"suppressNextMessage":null},"intent":null},"failureConditional":null,"successResponse":null,"successNextStep":{"sessionAttributes":null,"dialogAction":{"type":"ElicitSlot","slotToElicit":"DOB","suppressNextMessage":null},"intent":null},"successConditional":null,"timeoutResponse":null,"timeoutNextStep":{"sessionAttributes":null,"dialogAction":{"type":"EndConversation","slotToElicit":null,"suppressNextMessage":null},"intent":null},"timeoutConditional":null}},"nextStep":{"sessionAttributes":null,"dialogAction":{"type":"InvokeDialogCodeHook","slotToElicit":null,"suppressNextMessage":null},"intent":null},"initialResponse":null},"inputContexts":null,"outputContexts":null,"kendraConfiguration":null,"qnAIntentConfiguration":null,"bedrockAgentIntentConfiguration":null,"dialogCodeHook":{"enabled":true},"fulfillmentCodeHook":null,"slotPriorities":[{"priority":4,"slotName":"LastName"},{"priority":9,"slotName":"VehicleYear"},{"priority":8,"slotName":"VehicleModel"},{"priority":2,"slotName":"DOB"},{"priority":6,"slotName":"ZipCode"},{"priority":3,"slotName":"FirstName"},{"priority":7,"slotName":"VehicleMake"},{"priority":5,"slotName":"PhoneNumber"},{"priority":10,"slotName":"MilesPerYear"},{"priority":1,"slotName":"InsuranceType"}]}