{"name":"MaritalStatus","identifier":"PVUVNUUYK6","description":"Recognizes words that represent a marital status.","slotTypeValues":[{"synonyms":[{"value":"married"}],"sampleValue":{"value":"Married"}},{"synonyms":[{"value":"single"}],"sampleValue":{"value":"Single"}},{"synonyms":[{"value":"divorced"}],"sampleValue":{"value":"Divorced"}},{"synonyms":[{"value":"separated"}],"sampleValue":{"value":"Separated"}},{"synonyms":[{"value":"widowed"}],"sampleValue":{"value":"Widowed"}}],"parentSlotTypeSignature":null,"valueSelectionSetting":{"resolutionStrategy":"TOP_RESOLUTION","regexFilter":null}}