{"name":"CommunicationChannel","identifier":"HCABR8W32S","description":"Recognizes words that represent a type of communication channel.","slotTypeValues":[{"synonyms":[{"value":"text"},{"value":"sms"},{"value":"phone text"},{"value":"message"}],"sampleValue":{"value":"text"}},{"synonyms":[{"value":"email"},{"value":"electronic mail"},{"value":"e-mail"},{"value":"email address"}],"sampleValue":{"value":"email"}}],"parentSlotTypeSignature":null,"valueSelectionSetting":{"resolutionStrategy":"TOP_RESOLUTION","regexFilter":null}}