{"name":"VehicleStatus","identifier":"SDGWUNT1GI","description":"Recognizes words that represent a type of vehicle ownership status.","slotTypeValues":[{"synonyms":[{"value":"own"},{"value":"fully owned"}],"sampleValue":{"value":"Owned"}},{"synonyms":[{"value":"loan"},{"value":"loaned"},{"value":"finance"}],"sampleValue":{"value":"Financed"}},{"synonyms":[{"value":"lease"},{"value":"rent"},{"value":"rented"},{"value":"hire"},{"value":"rental"}],"sampleValue":{"value":"Leased"}}],"parentSlotTypeSignature":null,"valueSelectionSetting":{"resolutionStrategy":"TOP_RESOLUTION","regexFilter":null}}