{"name":"VehicleMake","identifier":"JMJ5K8OUWG","description":"Recognizes words that represent the make of a vehicle.","slotTypeValues":[{"synonyms":null,"sampleValue":{"value":"Acura"}},{"synonyms":null,"sampleValue":{"value":"Alfa Romeo"}},{"synonyms":null,"sampleValue":{"value":"Aston Martin"}},{"synonyms":null,"sampleValue":{"value":"Audi"}},{"synonyms":null,"sampleValue":{"value":"Bentley"}},{"synonyms":null,"sampleValue":{"value":"BMW"}},{"synonyms":null,"sampleValue":{"value":"BUICK"}},{"synonyms":null,"sampleValue":{"value":"Cadillac"}},{"synonyms":null,"sampleValue":{"value":"Chevrolet"}},{"synonyms":null,"sampleValue":{"value":"Chrysler"}},{"synonyms":null,"sampleValue":{"value":"Dodge"}},{"synonyms":null,"sampleValue":{"value":"Ferrari"}},{"synonyms":null,"sampleValue":{"value":"Ford"}},{"synonyms":null,"sampleValue":{"value":"Hummer"}},{"synonyms":null,"sampleValue":{"value":"Hyundai"}},{"synonyms":null,"sampleValue":{"value":"Infiniti"}},{"synonyms":null,"sampleValue":{"value":"Jaguar"}},{"synonyms":null,"sampleValue":{"value":"Jeep"}},{"synonyms":null,"sampleValue":{"value":"Kia"}},{"synonyms":null,"sampleValue":{"value":"Lamborghini"}},{"synonyms":null,"sampleValue":{"value":"Land Rover"}},{"synonyms":null,"sampleValue":{"value":"Lexus"}},{"synonyms":null,"sampleValue":{"value":"Lincoln"}},{"synonyms":null,"sampleValue":{"value":"Lotus"}},{"synonyms":null,"sampleValue":{"value":"Maserati"}},{"synonyms":null,"sampleValue":{"value":"Mazda"}},{"synonyms":null,"sampleValue":{"value":"Mercedes-Benz"}},{"synonyms":null,"sampleValue":{"value":"Mercury"}},{"synonyms":null,"sampleValue":{"value":"Mini"}},{"synonyms":null,"sampleValue":{"value":"Mitsubishi"}},{"synonyms":null,"sampleValue":{"value":"Nissan"}},{"synonyms":null,"sampleValue":{"value":"Pontiac"}},{"synonyms":null,"sampleValue":{"value":"Porsche"}},{"synonyms":null,"sampleValue":{"value":"Rolls Royce"}},{"synonyms":null,"sampleValue":{"value":"SAAB"}},{"synonyms":null,"sampleValue":{"value":"Saturn"}},{"synonyms":null,"sampleValue":{"value":"Smart"}},{"synonyms":null,"sampleValue":{"value":"Subaru"}},{"synonyms":null,"sampleValue":{"value":"Suzuki"}},{"synonyms":null,"sampleValue":{"value":"Toyota"}},{"synonyms":null,"sampleValue":{"value":"Volkswagen"}},{"synonyms":null,"sampleValue":{"value":"Volvo"}},{"synonyms":null,"sampleValue":{"value":"Honda"}}],"parentSlotTypeSignature":null,"valueSelectionSetting":{"resolutionStrategy":"TOP_RESOLUTION","regexFilter":null}}